{"stats":{"minecraft:custom":{"minecraft:time_since_rest":38288,"minecraft:walk_one_cm":67924,"minecraft:leave_game":2,"minecraft:play_time":38288,"minecraft:jump":164,"minecraft:time_since_death":38288,"minecraft:drop":3,"minecraft:sprint_one_cm":26433,"minecraft:total_world_time":38588,"minecraft:fly_one_cm":357600,"minecraft:walk_on_water_one_cm":242,"minecraft:crouch_one_cm":73,"minecraft:sneak_time":104,"minecraft:climb_one_cm":1786},"minecraft:dropped":{"minecraft:iron_ingot":2,"minecraft:spruce_planks":1},"minecraft:picked_up":{"minecraft:spruce_planks":1,"minecraft:stone_button":1},"minecraft:used":{"minecraft:grass_block":1,"minecraft:lever":20,"minecraft:redstone_block":24,"minecraft:oak_sign":13,"minecraft:spruce_planks":40,"minecraft:stone_button":10,"minecraft:command_block":6,"minecraft:quartz_block":147,"minecraft:sea_lantern":5}},"DataVersion":4325}