{"stats":{"minecraft:picked_up":{"minecraft:stone_pressure_plate":2,"minecraft:spruce_planks":1,"minecraft:iron_door":5,"minecraft:stone_button":12,"minecraft:bricks":9,"minecraft:command_block":3,"minecraft:redstone":7,"minecraft:repeater":1,"minecraft:oak_sapling":1,"minecraft:iron_ingot":4,"minecraft:quartz_block":2,"minecraft:oak_sign":3,"minecraft:sea_lantern":1,"minecraft:apple":1,"minecraft:redstone_block":4,"minecraft:wooden_axe":1,"minecraft:pale_oak_planks":6,"minecraft:light":3,"minecraft:grass_block":1,"minecraft:ladder":25,"minecraft:chain_command_block":1,"minecraft:spruce_stairs":1,"minecraft:bone_meal":1},"minecraft:custom":{"minecraft:trigger_trapped_chest":1,"minecraft:talked_to_villager":8,"minecraft:time_since_rest":752027,"minecraft:leave_game":154,"minecraft:damage_taken":980,"minecraft:mob_kills":21,"minecraft:open_shulker_box":5,"minecraft:interact_with_beacon":1,"minecraft:time_since_death":752006,"minecraft:inspect_dispenser":1,"minecraft:total_world_time":2355120,"minecraft:crouch_one_cm":4515,"minecraft:deaths":2,"minecraft:climb_one_cm":15658,"minecraft:player_kills":1,"minecraft:interact_with_loom":4,"minecraft:walk_one_cm":2898356,"minecraft:walk_under_water_one_cm":78,"minecraft:play_time":1204951,"minecraft:damage_dealt":6165,"minecraft:jump":6647,"minecraft:drop":37,"minecraft:open_barrel":18,"minecraft:sprint_one_cm":693851,"minecraft:open_chest":1,"minecraft:fall_one_cm":11732,"minecraft:fly_one_cm":5958350,"minecraft:interact_with_anvil":5,"minecraft:walk_on_water_one_cm":24577,"minecraft:sneak_time":6440},"minecraft:used":{"minecraft:oak_trapdoor":4,"minecraft:grass_block":103,"minecraft:painting":94,"minecraft:repeater":333,"minecraft:string":6,"minecraft:daylight_detector":1,"minecraft:netherite_sword":79,"minecraft:chain_command_block":40,"minecraft:brick_slab":70,"minecraft:spruce_stairs":91,"minecraft:pink_stained_glass_pane":2,"minecraft:tnt":2,"minecraft:mangrove_slab":2,"minecraft:verdant_froglight":2,"minecraft:sticky_piston":32,"minecraft:glass":243,"minecraft:shroomlight":1,"minecraft:oak_sign":140,"minecraft:ladder":146,"minecraft:glass_pane":3,"minecraft:light_weighted_pressure_plate":1,"minecraft:command_block":325,"minecraft:dark_oak_fence":167,"minecraft:quartz_block":4341,"minecraft:piston":7,"minecraft:bricks":2581,"minecraft:pale_oak_slab":59,"minecraft:damaged_anvil":1,"minecraft:redstone":273,"minecraft:oak_slab":3,"minecraft:spruce_door":39,"minecraft:pale_oak_planks":135,"minecraft:sea_lantern":1071,"minecraft:oak_log":7,"minecraft:barrier":175,"minecraft:tinted_glass":4,"minecraft:chain":50,"minecraft:stone_pressure_plate":174,"minecraft:loom":1,"minecraft:stripped_jungle_wood":1,"minecraft:light_blue_banner":23,"minecraft:dirt_path":13,"minecraft:birch_stairs":18,"minecraft:lightning_rod":22,"minecraft:trapped_chest":1,"minecraft:structure_void":2,"minecraft:slime_block":9,"minecraft:water_bucket":99,"minecraft:repeating_command_block":11,"minecraft:bone_meal":211,"minecraft:white_shulker_box":9,"minecraft:glowstone":10,"minecraft:anvil":1,"minecraft:barrel":6,"minecraft:dirt":27,"minecraft:lever":24,"minecraft:oak_button":4,"minecraft:redstone_block":358,"minecraft:spruce_planks":816,"minecraft:pink_stained_glass":3,"minecraft:tripwire_hook":24,"minecraft:oak_leaves":77,"minecraft:stone_button":115,"minecraft:light":28,"minecraft:dispenser":2,"minecraft:debug_stick":40,"minecraft:oak_stairs":23,"minecraft:redstone_lamp":3,"minecraft:comparator":10,"minecraft:redstone_torch":3,"minecraft:iron_trapdoor":6,"minecraft:carved_pumpkin":6,"minecraft:light_blue_bed":4,"minecraft:oak_planks":633,"minecraft:oak_sapling":31,"minecraft:quartz_stairs":50,"minecraft:iron_door":120},"minecraft:killed":{"minecraft:villager":20},"minecraft:dropped":{"minecraft:redstone_block":2,"minecraft:bone_meal":1,"minecraft:chain_command_block":1,"minecraft:spruce_planks":1,"minecraft:grass_block":1,"minecraft:light":2,"minecraft:bricks":9,"minecraft:sea_lantern":1,"minecraft:spruce_stairs":1,"minecraft:quartz_block":2,"minecraft:iron_ingot":12,"minecraft:wooden_axe":1,"minecraft:command_block":3}},"DataVersion":4438}