{"stats":{"minecraft:custom":{"minecraft:time_since_rest":17013,"minecraft:walk_one_cm":61655,"minecraft:leave_game":3,"minecraft:damage_taken":940,"minecraft:play_time":73366,"minecraft:jump":253,"minecraft:time_since_death":16940,"minecraft:drop":5,"minecraft:open_barrel":3,"minecraft:sprint_one_cm":13074,"minecraft:inspect_dispenser":1,"minecraft:fall_one_cm":10555,"minecraft:total_world_time":73366,"minecraft:fly_one_cm":334436,"minecraft:walk_on_water_one_cm":2294,"minecraft:crouch_one_cm":184,"minecraft:sneak_time":485,"minecraft:climb_one_cm":1792,"minecraft:deaths":3},"minecraft:dropped":{"minecraft:quartz_block":5},"minecraft:picked_up":{"minecraft:light":1,"minecraft:grass_block":1,"minecraft:quartz_block":5},"minecraft:killed_by":{"minecraft:player":1},"minecraft:used":{"minecraft:grass_block":3,"minecraft:spruce_planks":1,"minecraft:light":1,"minecraft:quartz_block":1,"minecraft:sea_lantern":1}},"DataVersion":4325}