{"stats":{"minecraft:custom":{"minecraft:time_since_rest":135163,"minecraft:sprint_one_cm":45545,"minecraft:damage_taken":4170,"minecraft:walk_one_cm":201017,"minecraft:trigger_trapped_chest":1,"minecraft:drop":4,"minecraft:damage_dealt":95,"minecraft:talked_to_villager":3,"minecraft:fly_one_cm":430841,"minecraft:open_barrel":3,"minecraft:open_chest":8,"minecraft:crouch_one_cm":236,"minecraft:play_time":165931,"minecraft:deaths":12,"minecraft:sneak_time":322,"minecraft:walk_under_water_one_cm":4003,"minecraft:jump":582,"minecraft:leave_game":14,"minecraft:walk_on_water_one_cm":4008,"minecraft:time_since_death":135142,"minecraft:interact_with_smoker":1,"minecraft:climb_one_cm":7506,"minecraft:total_world_time":165931,"minecraft:fall_one_cm":48043},"minecraft:picked_up":{"minecraft:wooden_axe":1,"minecraft:iron_door":1,"minecraft:stone_button":1,"minecraft:stone_pressure_plate":1,"minecraft:quartz_block":1,"minecraft:light_blue_banner":3,"minecraft:oak_sign":1},"minecraft:used":{"minecraft:redstone_torch":4,"minecraft:quartz_bricks":5,"minecraft:light_blue_banner":12,"minecraft:lever":2,"minecraft:light":9,"minecraft:sea_lantern":7,"minecraft:bricks":451,"minecraft:spruce_door":2,"minecraft:command_block":5,"minecraft:grass_block":1,"minecraft:spruce_slab":12,"minecraft:ladder":4,"minecraft:quartz_block":615,"minecraft:stone_button":4,"minecraft:oak_sign":8,"minecraft:chest":9,"minecraft:light_blue_bed":8,"minecraft:redstone_block":1,"minecraft:iron_door":6,"minecraft:barrel":14,"minecraft:glowstone":72,"minecraft:dirt":2,"minecraft:cobblestone":5,"minecraft:mangrove_trapdoor":5,"minecraft:furnace":4,"minecraft:mangrove_slab":47,"minecraft:spruce_stairs":52,"minecraft:trapped_chest":4,"minecraft:stone_pressure_plate":27,"minecraft:smoker":9,"minecraft:lightning_rod":1},"minecraft:dropped":{"minecraft:stone_button":1,"minecraft:wooden_axe":1,"minecraft:quartz_block":1,"minecraft:stone_pressure_plate":1}},"DataVersion":3839}