{
  "music1": {
    "replace": true,
    "subtitle": "subtitles.custom.music1",
    "sounds": [
      {
        "name": "atairianfacilities:custom/music1",
        "volume": 1,
        "pitch": 1,
        "stream": true,
        "weight": 1
      }
    ]
  },
  "music2": {
    "replace": true,
    "subtitle": "subtitles.custom.music2",
    "sounds": [
      {
        "name": "atairianfacilities:custom/music2",
        "volume": 1,
        "pitch": 1,
        "stream": true,
        "weight": 1
      }
    ]
  },
  "music3": {
    "replace": true,
    "subtitle": "subtitles.custom.music3",
    "sounds": [
      {
        "name": "atairianfacilities:custom/music3",
        "volume": 1,
        "pitch": 1,
        "stream": true,
        "weight": 1
      }
    ]
  },
  "music4": {
    "replace": true,
    "subtitle": "subtitles.custom.music4",
    "sounds": [
      {
        "name": "atairianfacilities:custom/music4",
        "volume": 1,
        "pitch": 1,
        "stream": true,
        "weight": 1
      }
    ]
  },
  "music5": {
    "replace": true,
    "subtitle": "subtitles.custom.music5",
    "sounds": [
      {
        "name": "atairianfacilities:custom/music5",
        "volume": 1,
        "pitch": 1,
        "stream": true,
        "weight": 1
      }
    ]
  },
  "music6": {
    "replace": true,
    "subtitle": "subtitles.custom.music6",
    "sounds": [
      {
        "name": "atairianfacilities:custom/music6",
        "volume": 1,
        "pitch": 1,
        "stream": true,
        "weight": 1
      }
    ]
  },
  "music7": {
    "replace": true,
    "subtitle": "subtitles.custom.music7",
    "sounds": [
      {
        "name": "atairianfacilities:custom/music7",
        "volume": 1,
        "pitch": 1,
        "stream": true,
        "weight": 1
      }
    ]
  },
  "music8": {
    "replace": true,
    "subtitle": "subtitles.custom.music8",
    "sounds": [
      {
        "name": "atairianfacilities:custom/music8",
        "volume": 1,
        "pitch": 1,
        "stream": true,
        "weight": 1
      }
    ]
  },
  "music9": {
    "replace": true,
    "subtitle": "subtitles.custom.music9",
    "sounds": [
      {
        "name": "atairianfacilities:custom/music9",
        "volume": 1,
        "pitch": 1,
        "stream": true,
        "weight": 1
      }
    ]
  },
  "music10": {
    "replace": true,
    "subtitle": "subtitles.custom.music10",
    "sounds": [
      {
        "name": "atairianfacilities:custom/music10",
        "volume": 1,
        "pitch": 1,
        "stream": true,
        "weight": 1
      }
    ]
  },
  "music11": {
    "replace": true,
    "subtitle": "subtitles.custom.music11",
    "sounds": [
      {
        "name": "atairianfacilities:custom/music11",
        "volume": 1,
        "pitch": 1,
        "stream": true,
        "weight": 1
      }
    ]
  },
  "music12": {
    "replace": true,
    "subtitle": "subtitles.custom.music12",
    "sounds": [
      {
        "name": "atairianfacilities:custom/music12",
        "volume": 1,
        "pitch": 1,
        "stream": true,
        "weight": 1
      }
    ]
  },
  "atairianfacilitiesthemesong": {
    "replace": true,
    "subtitle": "subtitles.custom.atairianfacilitiesthemesong",
    "sounds": [
      {
        "name": "atairianfacilities:custom/atairianfacilitiesthemesong",
        "volume": 1,
        "pitch": 1,
        "stream": true,
        "weight": 1
      }
    ]
  }
}